файл,стр_pdf,выпуск,дата,стр_газеты,результат
1891_001.pdf,,1,"ср, 2 января 1891",1–4 + прибавление + табель-календарь,ничего не найдено
1891_002.pdf,,2,"сб, 5 января 1891",5–8,ничего не найдено (список присяжных по Сенненскому уезду)
1891_003.pdf,,3,"ср, 9 января 1891",9–12,ничего не найдено
1891_004.pdf,,4,"сб, 12 января 1891",13–14 (в файле только 2 стр.),"Ветка (судебный пристав Карачевский-Волк, живущий в м. Ветке)"
1891_005.pdf,,5,"ср, 16 января 1891",15–18 + прибавление (лесные торги),"Ветка (Карачевский-Волк, повтор)"
1891_006.pdf,,6,"сб, 19 января 1891",19–22 + прибавление,"Ветка (свечной сбор 1891 г. — «Ветковское»; Карачевский-Волк, 3-я публикация)"
1891_007.pdf,,7,"ср, 23 января 1891",23–26 + прибавление (листок «Спрос и предложение»),ничего не найдено
1891_008.pdf,,8,"сб, 26 января 1891",27–30,"Ветковская волость (продажа земли Д. И. Шевкунова в слоб. Марьиной, 1-я публикация)"
1891_009.pdf,,9,"ср, 30 января 1891",31–34 (стр. 34 — справочные цены за январь),"Ветковская волость (Шевкунов, 2-я публикация). «д. Хотовня и Вѣть» Быховского у. — другой населённый пункт"
1891_010.pdf,,10,"сб, 2 февраля 1891",35–38 + прибавление,"Рубанов (Иван Евдокимович, мещ.) и Грошиков (Киприан Павлович, кр.) — список присяжных Гомельского у. на 1891 г.; Ветковская волость (Шевкунов, 3-я публикация)"
1891_011.pdf,,11,"ср, 6 февраля 1891",39–42,ничего не найдено
1891_012.pdf,,12,"сб, 9 февраля 1891",43–46,ничего не найдено
1891_013.pdf,,13,"ср, 13 февраля 1891",47–50,ничего не найдено
1891_014.pdf,,14,"сб, 16 февраля 1891",51–54,ничего не найдено
1891_015.pdf,,15,"ср, 20 февраля 1891",55–57 + справочные цены за февраль,Ветка (имение снова в списке Московского земельного банка на продажу)
1891_016.pdf,,16,"сб, 23 февраля 1891",59–62,ничего не найдено
1891_017.pdf,,17,"ср, 27 февраля 1891",63–66,ничего не найдено
1891_018.pdf,,18,"сб, 2 марта 1891",67–70,ничего не найдено
1891_019.pdf,,19,"ср, 6 марта 1891",71–74 + прибавление (подряд для войск в Гомеле),ничего не найдено
1891_020.pdf,,20,"сб, 9 марта 1891",75–78,ничего не найдено
1891_021.pdf,,21,"ср, 13 марта 1891",79–80 (в файле только 2 стр.),ничего не найдено
1891_022.pdf,,22,"сб, 16 марта 1891",81–84,ничего не найдено
1891_023.pdf,,23,"ср, 20 марта 1891",85–90 + прибавление,Ветка (м. Ветка — раскладка налога; имение Ветка — торги Московского земельного банка 27 мая / 11 июня 1891)
1891_024.pdf,,24,"сб, 23 марта 1891",91–94 + прибавление,"Ветка (имение — торги 27 мая, повтор)"
1891_025.pdf,,25,"ср, 27 марта 1891",95–99 + справочные цены за март,"Ветка (почтово-телеграфная контора VI класса; имение — торги 27 мая, 3-я публикация)"
1891_026.pdf,,26,"сб, 30 марта 1891",101–104 + прибавление,ничего не найдено
1891_027.pdf,,27,"ср, 3 апреля 1891",105–110,Ветка (м. Ветка — раскладка налога с недвижимых имуществ на 1891 г.)
1891_028.pdf,,28,"сб, 6 апреля 1891",111–112 (в файле только 2 стр.),"Ветка (продажа дома мещ. Ицки-Айзика Гамбурга в м. Ветке на земле Воронцова-Вельяминова, 1-я публикация)"
1891_029.pdf,,29,"ср, 10 апреля 1891",113–116,"Ветка (дом Гамбурга, 2-я публикация)"
1891_030.pdf,,30,"сб, 13 апреля 1891",117–118 (в файле только 2 стр.),"Ветка (дом Гамбурга, 3-я публикация)"
1891_031.pdf,,31,"ср, 17 апреля 1891",119–122 + прибавление,ничего не найдено
1891_032.pdf,,32,"сб, 20 апреля 1891",123–124 (в файле только 2 стр.),"ничего не найдено (фамилия «Рубановский» в «Местной хронике» — не Рубанов, см. «Не найдено»)"
1891_033.pdf,,33,"ср, 24 апреля 1891",125–128 + справочные цены + прибавления С.-Петербургских и Бессарабских губ. вед.,ничего не найдено
1891_034.pdf,,34,"сб, 27 апреля 1891",127–128 (в файле только 2 стр.),ничего не найдено
1891_035.pdf,,35,"ср, 1 мая 1891",129–132,ничего не найдено
1891_036.pdf,,36,"сб, 4 мая 1891",133–136 + прибавление Петроковских губ. вед.,ничего не найдено
1891_037.pdf,,37,"ср, 8 мая 1891",137–140 + прибавление (лесные торги),ничего не найдено
1891_038.pdf,,38,"сб, 11 мая 1891",141–146,Ветковское общество (гибель мещанина Алексея Езерского)
1891_039.pdf,,39,"ср, 15 мая 1891",147–150,ничего не найдено
1891_040.pdf,,40,"сб, 18 мая 1891",151–154,"Ветка (утверждены старосты, учёные и казначеи 5 молитвенных школ м. Ветки)"
1891_041.pdf,,41,"ср, 22 мая 1891",155–158 + справочные цены за май,ничего не найдено
1891_042.pdf,,42,"сб, 25 мая 1891",159–162,"Рубанов (пожар у землевладельца Николая Евдокимовича Рубанова, Чаусский у.); список гильдейских плательщиков Гомельского у. — Грошикова, Рубанова, Теплякова нет"
1891_043.pdf,,43,"ср, 29 мая 1891",163–164 + прибавление (розыск по Империи) + прибавление Петроковских губ. вед.,ничего не найдено (в разделе «Гомельским уездным» Ветки нет)
1891_044.pdf,,44,"сб, 1 июня 1891",165–168 + прибавление Лифляндских губ. вед.,ничего не найдено
1891_045.pdf,,45,"ср, 5 июня 1891",169–172 + прибавление,ничего не найдено
1891_046.pdf,,46,"сб, 8 июня 1891",173–174 (в файле 2 стр. газеты + прибавление),ничего не найдено
1891_047.pdf,,47,"ср, 12 июня 1891","175–178 + прибавления (Петроковские губ. вед., торги округа путей сообщения)",ничего не найдено
1891_048.pdf,,48,"сб, 15 июня 1891",179–182 + прибавление + справочные цены за июнь,ничего не найдено
1891_049.pdf,,49,"ср, 19 июня 1891",183–186 + прибавление,ничего не найдено
1891_050.pdf,,50,"сб, 22 июня 1891",187–190 + прибавление Сувалкских губ. вед. (розыск),ничего не найдено (производство в чин Василия Рубановского — не Рубанов)
1891_051.pdf,,51,"ср, 26 июня 1891",191–194,ничего не найдено
1891_052.pdf,,52,"сб, 29 июня 1891",195–198,ничего не найдено
1891_053.pdf,,53,"ср, 3 июля 1891",199–202,ничего не найдено
1891_054.pdf,,54,"сб, 6 июля 1891",203–206 + прибавление,ничего не найдено
1891_055.pdf,,55,"ср, 10 июля 1891",207–210 + прибавления,ничего не найдено
1891_056.pdf,,56,"сб, 13 июля 1891",211–212 + прибавление + справочные цены за июль,ничего не найдено
1891_057.pdf,,57,"ср, 17 июля 1891",213–216 + прибавление,ничего не найдено (Большая и Малая Рубановки Мстиславского у. — топоним)
1891_058.pdf,,58,"сб, 20 июля 1891",217–220 + прибавление,ничего не найдено
1891_059.pdf,,59,"ср, 24 июля 1891","221–222, 219 (так в газете) + особое прибавление (оброчные статьи) + прибавление",ничего не найдено
1891_060.pdf,,60,"сб, 27 июля 1891",225–226 (в файле только 2 стр.),ничего не найдено
1891_061.pdf,,61,"ср, 31 июля 1891",227–230,ничего не найдено
1891_062.pdf,,62,"сб, 3 августа 1891",231–234 + прибавление,ничего не найдено
1891_063.pdf,,63,"ср, 7 августа 1891",235–238 + 2 прибавления,ничего не найдено
1891_064.pdf,,64,"сб, 10 августа 1891",239–242,"ничего не найдено (судебный пристав Гомельского мирового съезда теперь Горбатовский, живёт в фольв. Клеменово)"
1891_065.pdf,,65,"ср, 14 августа 1891",243–246 + прибавления + справочные цены за август,Ветка (имение снова в списке Московского земельного банка на продажу)
1891_066.pdf,,66,"сб, 17 августа 1891",247–248,ничего не найдено
1891_067.pdf,,67,"ср, 21 августа 1891",249–252 + прибавление,ничего не найдено
1891_068.pdf,,68,"сб, 24 августа 1891",253–256 + прибавления,ничего не найдено
1891_069.pdf,,69,"ср, 28 августа 1891",257–264 + прибавления,ничего не найдено
1891_070.pdf,,70,"сб, 31 августа 1891",—,ничего не найдено
1891_071.pdf,,71,"ср, 4 сентября 1891",267–270 + прибавления,ничего не найдено
1891_072.pdf,,72,"сб, 7 сентября 1891",271–276,"ничего не найдено (в списке дел Могилевского окр. суда — Рубин, Рыбаков, не Рубанов)"
1891_073.pdf,,73,"ср, 11 сентября 1891",277–282 + 2 прибавления,ничего не найдено
1891_074.pdf,,74,"сб, 14 сентября 1891",283–284,ничего не найдено
1891_075.pdf,,75,"ср, 18 сентября 1891",285–286 + прибавление (лесные торги),"Ветка (утонувшие евреи, выехавшие из м. Ветки; Беседь, Ветковская вол.)"
1891_076.pdf,,76,"сб, 21 сентября 1891",287–290,ничего не найдено (сметы доходов/расходов Могилева и Гомеля)
1891_077.pdf,,77,"ср, 25 сентября 1891",291–294 + прибавление (справочные цены),Имение Ветка (торги Московского земельного банка 11 ноября 1891)
1891_078.pdf,,78,"сб, 28 сентября 1891",295–300,Имение Ветка (2-я публикация торгов 11 ноября)
1891_079.pdf,,79,"ср, 2 октября 1891",301–306 + прибавление,Имение Ветка (3-я публикация торгов 11 ноября)
1891_080.pdf,,80,"сб, 5 октября 1891",307–312,ничего не найдено
1891_081.pdf,,81,"ср, 9 октября 1891",313–316,ничего не найдено
1891_082.pdf,,82,"сб, 12 октября 1891",317–320 + 2 прибавления,ничего не найдено (в смете Чаусов — Ветки нет)
