id,год,раздел,объект,тема,выпуск,дата,файл,стр_pdf,стр_газеты,рубрика,публикация,лица,цитата,смысл,фрагменты
1891-001,1891,20,Ветка,Судебный пристав Карачевский-Волк живёт в м. Ветке,4,1891-01-12,1891_004.pdf,2,14,О публичной и аукционной продаже,1-я,"Карачевский-Волк, судебный пристав; Езерская Мария Фёдоровна; Езерский Григорий Сильвестрович","Судебный приставъ при съѣздѣ мировыхъ судей Гомельскаго округа Карачевскій-Волкъ, жительствующій въ мѣст. Вѣткѣ… 4 числа Февраля мѣсяца 1891 года… будетъ продаваться съ публичнаго торга недвижимое имѣніе мѣщ. Маріи Ѳедоровой Езерской… при околицѣ Свѣтиловичахъ Рогачевскаго уѣзда…",Пристав Гомельского мирового съезда жил в Ветке; сама земля — в Светиловичах Рогачевского у.,фрагменты/1891_004_стр14_Ветка_пристав_Карачевский-Волк.png
1891-002,1891,20,Ветка,Судебный пристав Карачевский-Волк живёт в м. Ветке,5,1891-01-16,1891_005.pdf,2,16,О публичной и аукционной продаже,2-я,"Карачевский-Волк, судебный пристав; Езерская Мария Фёдоровна; Езерский Григорий Сильвестрович",тот же текст,,фрагменты/1891_005_стр16_Ветка_пристав_Карачевский-Волк.png
1891-003,1891,20,Ветка,Судебный пристав Карачевский-Волк живёт в м. Ветке,6,1891-01-19,1891_006.pdf,3,21,О публичной и аукционной продаже,3-я,"Карачевский-Волк, судебный пристав; Езерская Мария Фёдоровна; Езерский Григорий Сильвестрович",тот же текст,,фрагменты/1891_006_стр21_Ветка_пристав_Карачевский-Волк.png
1891-004,1891,21,Ветка,Свечной сбор с еврейского общества на 1891 г.,6,1891-01-19,1891_006.pdf,1–2,19–20,Табель раскладки свечного сбора с еврейских обществ,,,«Вѣтковское» (строка 48): 793 души м. п.; коробочный доход 1503 р. 25 к.; свечной сбор 290 р.; на душу 37 коп.,Цифры совпадают с 1890 г.,фрагменты/1891_006_стр19_свечной_сбор_шапка.png; фрагменты/1891_006_стр20_свечной_сбор_Ветковское.png
1891-005,1891,22,Ветковская волость,Продажа земли крестьянина Д. Шевкунова в слоб. Марьиной,8,1891-01-26,1891_008.pdf,1,27,О публичной и аукционной продаже,1-я,"Шевкунов Демьян Исаев, крестьянин; Бердников Аврам Петров, крестьянин; Карачевский-Волк","Судебный приставъ… Карачевскій-Волкъ, жительствующій въ мѣст. Вѣткѣ… 14 числа Февраля мѣсяца 1891 года… земля… примѣрно 15 десятинъ 1120 квадр. саженъ, принадлежащая крест. Демьяну Исаеву Шевкунову, состоящая при слободѣ Марьиной, Гомельскаго уѣзда, Вѣтковской волости… на удовлетвореніе крест. Аврама Петрова Бердникова въ суммѣ 506 руб. 30 коп. и оцѣнено въ 400 р.",≈15 дес. земли продаются за долг А. П. Бердникову.,фрагменты/1891_008_стр27_Ветковская_волость_Марьина_Шевкунов.png
1891-006,1891,22,Ветковская волость,Продажа земли крестьянина Д. Шевкунова в слоб. Марьиной,9,1891-01-30,1891_009.pdf,2,32,О публичной и аукционной продаже,2-я,"Шевкунов Демьян Исаев, крестьянин; Бердников Аврам Петров, крестьянин; Карачевский-Волк",тот же текст,,фрагменты/1891_009_стр32_Ветковская_волость_Марьина_Шевкунов.png
1891-007,1891,22,Ветковская волость,Продажа земли крестьянина Д. Шевкунова в слоб. Марьиной,10,1891-02-02,1891_010.pdf,3,37,О публичной и аукционной продаже,3-я,"Шевкунов Демьян Исаев, крестьянин; Бердников Аврам Петров, крестьянин; Карачевский-Волк",тот же текст,,фрагменты/1891_010_стр37_Ветковская_волость_Марьина_Шевкунов.png
1891-008,1891,23,Рубанов,Присяжные Гомельского у. на 1891 г.: Иван Евдокимович Рубанов,10,1891-02-02,1891_010.pdf,1–2,35–36,Список присяжных заседателей по г. Гомелю и Гомельскому уезду,,"Рубанов Иван Евдокимович, мещанин","сессия на сентябрь 1891 г., запасные: «Рубановъ, Иванъ Евдокимовичъ, мѣщ.»","Не И. Т. Рубанов (отчество Евдокимович), но однофамилец из Гомельского у.",фрагменты/1891_010_стр35_присяжные_Гомель_шапка.png; фрагменты/1891_010_стр35_присяжные_Гомель_Рубанов_Грошиков.png
1891-009,1891,23,Грошиков,Присяжные Гомельского у. на 1891 г.: Киприан Павлович Грошиков,10,1891-02-02,1891_010.pdf,1–2,35–36,Список присяжных заседателей по г. Гомелю и Гомельскому уезду,,"Грошиков Киприан Павлович, крестьянин","сессия на декабрь 1891 г., очередные: «Грошиковъ, Кипріанъ Павловичъ, кр.»","Не Тимофей Грошиков; возможно, сын П. Д. Шашкова (он же Грошиков).",фрагменты/1891_010_стр35_присяжные_Гомель_шапка.png; фрагменты/1891_010_стр35_присяжные_Гомель_Рубанов_Грошиков.png
1891-010,1891,24,Имение Ветка,Имение снова в списке банка на продажу (февраль 1891),15,1891-02-20,1891_015.pdf,3,57,Объявления. Правление Московского земельного банка,,"Воронцов-Вельяминов Аркадий Павлович, штабс-капитан","Правленіе Московскаго Земельнаго Банка объявляетъ, что нижепоименованныя, заложенныя Банку имущества, будутъ подвергнуты, на основаніи § 20 Устава Банка, публичной продажѣ… Им. Вѣтка, Гомельскаго уѣзда, 2354 д. 600 саж. г. Воронцова-Вельяминова.",Торги 23 ноября / 7 декабря 1890 г. не привели к продаже.,фрагменты/1891_015_стр57_банк_шапка.png; фрагменты/1891_015_стр57_имение_Ветка_Воронцов-Вельяминов.png
1891-011,1891,25,Ветка,"Перераскладка налога (дело Сяноженского, м. Хальч)",23,1891-03-20,1891_023.pdf,1,85,Раскладка 174 р. 81 к. налога с имуществ А. Сяноженского,,,"м. Вѣтка: имуществ 873 (1889) / 876 (1890); ценность 217 000 / 218 000 р.; оклад 1933 / 1875 р.; доля: налог 40 р. 36 к., доп. сбор 13 р. 45 к.",,фрагменты/1891_023_стр85_раскладка_налога_шапка.png; фрагменты/1891_023_стр85_раскладка_налога_м_Ветка.png
1891-012,1891,26,Имение Ветка,Торги банка 27 мая / 11 июня 1891 г.,23,1891-03-20,1891_023.pdf,5,89,Объявления. Правление Московского земельного банка,1-я,"Воронцов-Вельяминов Аркадий Павлович, штабс-капитан","Воронцова-Вельяминова Аркадія Павловича штабсъ-капитана — Им. Вѣтка — Гомельскій — 2354 дес. 600 саж. — остатокъ капитальнаго долга 96 879 р. 14 к. — сумма недоимокъ, съ которой начнется торгъ, 6751 р. 78 к.",Долг продолжает понемногу уменьшаться. Итог торгов не опубликован.,фрагменты/1891_023_стр89_банк_торги_27_мая_шапка.png; фрагменты/1891_023_стр89_имение_Ветка_Воронцов-Вельяминов.png
1891-013,1891,26,Имение Ветка,Торги банка 27 мая / 11 июня 1891 г.,24,1891-03-23,1891_024.pdf,4,94,Объявления. Правление Московского земельного банка,2-я,"Воронцов-Вельяминов Аркадий Павлович, штабс-капитан",тот же текст,,фрагменты/1891_024_стр94_имение_Ветка_Воронцов-Вельяминов.png
1891-014,1891,26,Имение Ветка,Торги банка 27 мая / 11 июня 1891 г.,25,1891-03-27,1891_025.pdf,5,99,Объявления. Правление Московского земельного банка,3-я,"Воронцов-Вельяминов Аркадий Павлович, штабс-капитан",тот же текст,,фрагменты/1891_025_стр99_имение_Ветка_Воронцов-Вельяминов.png
1891-015,1891,27,Ветка,Почтово-телеграфное отделение преобразовано в контору VI класса,25,1891-03-27,1891_025.pdf,1,95,Объявления. Минский почтово-телеграфный округ,,,"…почтово-телеграфныя отдѣленія: въ мѣст. Вѣткѣ и гор. Чаусахъ, Могилевской губ., преобразованы съ 1-го Марта 1891 года въ почтово-телеграфныя конторы VI класса.","С 1.03.1891 почта в Ветке — контора, наравне с уездным г. Чаусы.",фрагменты/1891_025_стр95_Ветка_почтово-телеграфная_контора.png
1891-016,1891,28,Ветка,Раскладка налога с недвижимых имуществ на 1891 г.,27,1891-04-03,1891_027.pdf,1–2,105–106,Раскладка налога с недвижимых имуществ в городах и местечках,,,м. Вѣтка: имуществ 905; ценность 218 200 р.; основной налог 1390 р.; доп. сбор 449 р.; итого 1839 р.,Ветка — второе поселение уезда.,фрагменты/1891_027_стр105_раскладка_налога_1891_шапка.png; фрагменты/1891_027_стр106_раскладка_налога_1891_м_Ветка.png
1891-017,1891,29,Ветка,Продажа дома И.-А. Гамбурга на земле Воронцова-Вельяминова,28,1891-04-06,1891_028.pdf,1,111,О публичной и аукционной продаже,1-я,"Гамбург Ицка-Айзик Неухов, мещанин; Герман Генрих Генрихов, прусский подданный; Воронцов-Вельяминов","Судебный приставъ при Могилевскомъ окружномъ судѣ, В. А. Инноковъ… 15 Іюня 1891 года… будетъ продаваться… недвижимое имѣніе мѣщанина Ицки-Айзика Неухова Гамбурга… въ мѣстечкѣ Вѣткѣ… въ каменномъ двухъ-этажномъ домѣ и деревянномъ сараѣ, построенныхъ на землѣ помѣщика Воронцова-Вельяминова, находящейся у Гамбурга на чиншевомъ правѣ… въ залогѣ у прусскаго подданнаго Генриха Генрихова Германа въ суммѣ 2100 р.… оцѣнено въ 2100 рублей.",Земля м. Ветки — помещика Воронцова-Вельяминова; горожане сидели на ней на чиншевом праве. Торги 15.06.1891.,фрагменты/1891_028_стр111_Ветка_дом_Гамбурга_земля_Воронцова-Вельяминова.png
1891-018,1891,29,Ветка,Продажа дома И.-А. Гамбурга на земле Воронцова-Вельяминова,29,1891-04-10,1891_029.pdf,2,114,О публичной и аукционной продаже,2-я,"Гамбург Ицка-Айзик Неухов, мещанин; Герман Генрих Генрихов, прусский подданный; Воронцов-Вельяминов",тот же текст,,фрагменты/1891_029_стр114_Ветка_дом_Гамбурга_земля_Воронцова-Вельяминова.png
1891-019,1891,29,Ветка,Продажа дома И.-А. Гамбурга на земле Воронцова-Вельяминова,30,1891-04-13,1891_030.pdf,2,118,О публичной и аукционной продаже,3-я,"Гамбург Ицка-Айзик Неухов, мещанин; Герман Генрих Генрихов, прусский подданный; Воронцов-Вельяминов",тот же текст,,фрагменты/1891_030_стр118_Ветка_дом_Гамбурга_начало.png; фрагменты/1891_030_стр118_Ветка_дом_Гамбурга_окончание.png
1891-020,1891,30,Ветка,Гибель ветковского мещанина Алексея Езерского,38,1891-05-11,1891_038.pdf,3,143,Местная хроника. Несчастные смертные случаи,,"Езерский Алексей, 15 лет, мещанин","Мѣщанинъ Вѣтковскаго общества, Гомельскаго уѣзда, Алексѣй Езерскій 15 лѣтъ, въ истекшемъ Апрѣлѣ убитъ опрокинувшеюся телѣгою.",,фрагменты/1891_038_стр143_Ветковское_общество_Езерский.png
1891-021,1891,31,Ветка,Выборные пяти еврейских молитвенных школ (1892–1894),40,1891-05-18,1891_040.pdf,1,151,Отдел местный. Перемены по службе,,Каплан Арон; Пьянов Мордух; Амитин Шмерка; Песелев Тевель; Хавин Мовша; Табакин Мовша; Гусин Лейба; Калманович Нохим; Брук Хонон; Обрайт Довид; Добкин Арон; Гуревич Шмая; Любин Мовша; Роберман Лейвик; Хазанов Евель,"…утверждены членами духовнаго правленія въ молитвенныя школы: въ м. Вѣткѣ, на трехлѣтіе съ 1892 года, въ „Зарѣчскую“… „Миснагидскую“… „Каменную“… „Малую Любавичскую“… и въ „Лившицеву“…",Перечень молитвенных домов Ветки и 15 выборных.,фрагменты/1891_040_стр151_Ветка_молитвенные_школы_старосты.png
1891-022,1891,32,Грошиков; Рубанов,Список гильдейских плательщиков Гомельского у. за 1891 г. — проверка,42,1891-05-25,1891_042.pdf,1,159,Объявления Могилевской казённой палаты,,"Дрибенцов С. Т., купец 2-й гильдии",(список ~150 фамилий),"Грошикова, Рубанова, Теплякова НЕТ (список неполный).",фрагменты/1891_042_стр159_гильдейские_Гомельский_уезд_1.png; фрагменты/1891_042_стр159_гильдейские_Гомельский_уезд_2.png
1891-023,1891,33,Рубанов,Пожар в фольв. Колесянка у землевладельца Н. Е. Рубанова,42,1891-05-25,1891_042.pdf,4,162,Местная хроника. Пожары,,"Рубанов Николай Евдокимович, землевладелец","3 мая… въ фольв. Колесянкѣ Чаусскаго уѣзда землевладѣльца Николая Евдокимова Рубанова, пожаромъ истреблены: скотный дворъ, экономическій большой домъ, 2 избы и ледникъ съ овчарнею, пожаромъ причинено убытка на 3000 р.…","Вероятно, брат Ивана Евдокимовича Рубанова (раздел 23). Не И. Т. Рубанов.",фрагменты/1891_042_стр162_Рубанов_Николай_Евдокимович_пожар.png
1891-024,1891,34,Имение Ветка,Имение снова в списке банка на продажу (август 1891),65,1891-08-14,1891_065.pdf,4,246,Объявления. Правление Московского земельного банка,,"Воронцов-Вельяминов Аркадий Павлович, штабс-капитан","Правленіе Московскаго Земельнаго Банка объявляетъ, что нижепоименованныя, заложенныя Банку имущества, будутъ подвергнуты, на основаніи § 20 Устава Банка, публичной продажѣ… Им. Вѣтка, Гомельскаго уѣзда, 2354 д. 600 саж. г. Воронцова-Вельяминова.",Торги 27 мая / 11 июня 1891 г. тоже не привели к продаже.,фрагменты/1891_065_стр246_банк_шапка.png; фрагменты/1891_065_стр246_имение_Ветка_Воронцов-Вельяминов.png
1891-025,1891,35,Ветка; Ветковская волость,"Гибель двух евреев, выехавших из м. Ветки (тела найдены в р. Беседи у д. Беседи Ветковской вол.)",75,1891-09-18,1891_075.pdf,2,286,Местная хроника. Утонувшие,,Энтин Гершен; Сорин Либа (евреи); урядник 4 уч. Левкович,"По Гомельскому уѣзду. 22 истек. Августа утромъ въ рѣкѣ Бѣсяди при деревнѣ Бѣсяди Вѣтковской волости были найдены и вынуты изъ воды два трупа евреевъ: Гершена Энтина и Либы Соринъ, выѣхавшихъ въ ночь на 22 Августа изъ мѣстечка Вѣтки въ мѣстечко Самотѣвичи Чериковскаго уѣзда.","Ехали в ночь на 22 августа из Ветки в Самотевичи Чериковского у.; урядник 4 уч. Левкович заподозрил извозчика, задержал его в д. Еловец Рославльского у. Смоленской губ.; извозчик заявил, что евреи утонули случайно (опрокинулись при съезде с берега в реку Беседь); дознание передано по принадлежности.",фрагменты/1891_075_стр286_Бесядь_Ветковская_волость_утонувшие.png
1891-026,1891,36,Имение Ветка,Торги Московского земельного банка 11 ноября 1891 г. (вторичные — 3 декабря),77,1891-09-25,1891_077.pdf,4,294,Объявления. Правление Московского земельного банка,1-я,"Воронцов-Вельяминов Аркадий Павлович, штабс-капитан","Воронцова-Вельяминова, Аркадія Павловича, штабъ капитана — Им. Вѣтка — Гомельскаго — 2354 дес. 600 саж. — остаток капитального долга 96551 р. 12 к. — недоимок 5449 р. 63 к. (ТОРГИ 11 НОЯБРЯ 1891 ГОДА; при неудаче вторичные и окончательные — 3 декабря 1891 г.)",Подробное объявление: торги имением Ветка назначены на 11 ноября 1891 г.; торг начнётся с суммы недоимок 5449 р. 63 к.; остаток долга банку 96551 р. 12 к.,фрагменты/1891_077_стр294_банк_шапка_торги_11_ноября.png; фрагменты/1891_077_стр294_имение_Ветка_Воронцов-Вельяминов.png
1891-027,1891,36,Имение Ветка,Торги Московского земельного банка 11 ноября 1891 г. (вторичные — 3 декабря),78,1891-09-28,1891_078.pdf,6,300,Объявления. Правление Московского земельного банка,2-я,"Воронцов-Вельяминов Аркадий Павлович, штабс-капитан",тот же текст,,фрагменты/1891_077_стр294_имение_Ветка_Воронцов-Вельяминов.png
1891-028,1891,36,Имение Ветка,Торги Московского земельного банка 11 ноября 1891 г. (вторичные — 3 декабря),79,1891-10-02,1891_079.pdf,6,306,Объявления. Правление Московского земельного банка,3-я,"Воронцов-Вельяминов Аркадий Павлович, штабс-капитан",тот же текст,,фрагменты/1891_077_стр294_имение_Ветка_Воронцов-Вельяминов.png
1891-029,1891,37,Ветка,Розыск ветковским мещанским старостой сына мещанина Амрома (ополченца 1878 г.),83,1891-10-16,1891_083.pdf,1,321,Розыски,1-я,"Амром Залман Менашев, ветковский мещанин; Амром Меная Залманов, ополченец 1878 г.","Вѣтковскій мѣщанскій староста-представитель, вслѣдствіе заявленія Вѣтковскаго мѣщанина Залмана Менашева Амромы, розыскиваетъ неизвѣстно гдѣ находящагося сына послѣдняго, Менашу Залманова Амрому, ополченца 1878 года.","Ветковский мещанский староста-представитель по заявлению Залмана Амрома разыскивает его сына Менашу, местонахождение неизвестно.",фрагменты/1891_083_стр321_розыск_ветковского_мещанина_Амрома.png
1891-030,1891,37,Ветка,Розыск ветковским мещанским старостой сына мещанина Амрома (ополченца 1878 г.),84,1891-10-19,1891_084.pdf,2,326,Розыски,2-я,"Амром Залман Менашев, ветковский мещанин; Амром Меная Залманов, ополченец 1878 г.",тот же текст,"Ветковский мещанский староста-представитель по заявлению Залмана Амрома разыскивает его сына Менашу, местонахождение неизвестно.",фрагменты/1891_084_стр326_розыск_ветковского_мещанина_Амрома.png
1891-031,1891,37,Ветка,Розыск ветковским мещанским старостой сына мещанина Амрома (ополченца 1878 г.),85,1891-10-23,1891_085.pdf,1,329,Розыски,3-я,"Амром Залман Менашев, ветковский мещанин; Амром Меная Залманов, ополченец 1878 г.",тот же текст,,фрагменты/1891_085_стр329_розыск_ветковского_мещанина_Амрома.png
1891-032,1891,38,Ветковская волость,Пожар в фольварке Осадым Ветковской вол. у землевладельца Ф. Панченко,85,1891-10-23,1891_085.pdf,4,332,Местная хроника. Пожары,,"Панченко Фёдор, землевладелец","По Гомельскому уѣзду. Въ Вѣтковской волости, въ ф. Осадымѣ, 30 истек. Августа, отъ поджега неизвѣстно кѣмъ учиненнаго, произошелъ пожаръ коимъ уничтожено гумно съ хлѣбомъ землевладѣльца Ѳедора Панченко. Убытка причинено на 2970 р.",Поджог 30 августа: сгорело гумно с хлебом; убыток 2970 р.,фрагменты/1891_085_стр332_пожар_Ветковская_вол_Осадым_Панченко.png
1891-033,1891,39,Ветковская волость,"Большой пожар в с. Хальч Ветковской вол. (1 октября 1891): 137 домов, церковь, завод помещика Сяноженского",88,1891-11-02,1891_088.pdf,6,349,Местная хроника. Пожар,,"Сяноженский, помещик","По Гомельскому уѣзду. Вѣтковской волости, въ селѣ Хальчѣ, 1 истек. Октября, отъ неизвѣстной причины, произошелъ пожаръ, коимъ истреблено 105 крестьянскихъ, 32 мѣщанскихъ домовъ съ надворными постройками и имуществомъ, каменный домъ со всѣми надворными постройками, винокуренный заводъ, подвалъ со спиртомъ и корпусъ лавокъ, принадлежащіе помѣщику Сяноженскому, разный хлѣбъ въ зернѣ, какъ Сяноженскаго, такъ и крестьянъ, деревянная церковь, дома причта означенной церкви и еврейская школа. Убытка причинено на 129686 р.","Сгорели 105 крестьянских и 32 мещанских дома, каменный дом, винокуренный завод и лавки помещика Сяноженского, деревянная церковь, дома причта, еврейская школа; убыток 129 686 р.",фрагменты/1891_088_стр349_пожар_Хальч_Ветковская_вол_1.png; фрагменты/1891_088_стр349_пожар_Хальч_Ветковская_вол_2.png
1891-034,1891,40,Ветковская волость,Ф. Осадым (или Млинок) Ф. Т. Панченко назначен в продажу Дворянским банком за невзнос платежей,77,1891-09-25,1891_077.pdf,1–2,291–292,Объявления. Совет Особого отдела Государственного Дворянского земельного банка,,Панченко Фёдор Тимофеевич,"…назначаются въ продажу нижеслѣдующія имѣнія Могилевской губерніи: … — 19019, Панченко, Федора Тимоѳеевича, Гомельскаго уѣзда, Осадымъ или Млинокъ.","Залог № 19019. Тот же землевладелец, у которого 30 августа 1891 г. сгорело гумно в ф. Осадым (раздел 38); теперь известно отчество — Тимофеевич.",фрагменты/1891_077_стр291_Дворянский_банк_шапка.png; фрагменты/1891_077_стр292_Дворянский_банк_Осадым_Панченко.png
